{
  "description": "项目私有配置文件。此文件中的内容将覆盖 project.config.json 中的相同字段。项目的改动优先同步到此文件中。详见文档：https://developers.weixin.qq.com/miniprogram/dev/devtools/projectconfig.html",
  "projectname": "mp-weixin-customer",
  "setting": {
    "compileHotReLoad": true
  },
  "libVersion": "3.2.0",
  "condition": {
    "miniprogram": {
      "list": [
        {
          "name": "测试页-确认订单",
          "pathName": "pages/creatOrder/creatOrder",
          "query": "orderId=27",
          "launchMode": "default",
          "scene": null
        },
        {
          "name": "测试页-首页",
          "pathName": "pages/index/index",
          "query": ""
        },
        {
          "name": "测试页-优惠券",
          "pathName": "pages/coupon/coupon",
          "query": ""
        },
        {
          "name": "测试页-个人中心",
          "pathName": "pages/userCenter/userCenter",
          "query": ""
        },
        {
          "name": "测试页-订单列表",
          "pathName": "pages/orderList/orderList",
          "query": ""
        },
        {
          "name": "测试页-订单详情",
          "pathName": "pages/orderDetail/orderDetail",
          "query": ""
        },
        {
          "name": "测试页-登陆",
          "pathName": "pages/login/login",
          "query": ""
        },
        {
          "name": "测试页-支付成功",
          "pathName": "pages/paySuccess/paySuccess",
          "query": ""
        }
      ]
    }
  }
}